
SET IDENTITY_INSERT [dbo].[Image] ON 

GO
INSERT [dbo].[Image] ([Id], [Name]) VALUES (1, N'1_pic_back')
GO
INSERT [dbo].[Image] ([Id], [Name]) VALUES (2, N'1_pic_bee')
GO
INSERT [dbo].[Image] ([Id], [Name]) VALUES (3, N'1_pic_bird1')
GO
INSERT [dbo].[Image] ([Id], [Name]) VALUES (4, N'1_pic_cat2')
GO
INSERT [dbo].[Image] ([Id], [Name]) VALUES (5, N'1_pic_chicken')
GO
INSERT [dbo].[Image] ([Id], [Name]) VALUES (6, N'1_pic_dog2')
GO
INSERT [dbo].[Image] ([Id], [Name]) VALUES (7, N'1_pic_ear')
GO
INSERT [dbo].[Image] ([Id], [Name]) VALUES (8, N'1_pic_eye')
GO
INSERT [dbo].[Image] ([Id], [Name]) VALUES (9, N'1_pic_face')
GO
INSERT [dbo].[Image] ([Id], [Name]) VALUES (10, N'1_pic_finger')
GO
INSERT [dbo].[Image] ([Id], [Name]) VALUES (11, N'1_pic_fish')
GO
INSERT [dbo].[Image] ([Id], [Name]) VALUES (12, N'1_pic_hair')
GO
INSERT [dbo].[Image] ([Id], [Name]) VALUES (13, N'1_pic_hand')
GO
INSERT [dbo].[Image] ([Id], [Name]) VALUES (14, N'1_pic_horse2')
GO
INSERT [dbo].[Image] ([Id], [Name]) VALUES (15, N'1_pic_leg')
GO
INSERT [dbo].[Image] ([Id], [Name]) VALUES (16, N'1_pic_lion')
GO
INSERT [dbo].[Image] ([Id], [Name]) VALUES (17, N'1_pic_mouth')
GO
INSERT [dbo].[Image] ([Id], [Name]) VALUES (18, N'1_pic_nose')
GO
INSERT [dbo].[Image] ([Id], [Name]) VALUES (19, N'1_pic_ambulance')
GO
INSERT [dbo].[Image] ([Id], [Name]) VALUES (20, N'1_pic_baby')
GO
INSERT [dbo].[Image] ([Id], [Name]) VALUES (21, N'1_pic_bird2')
GO
INSERT [dbo].[Image] ([Id], [Name]) VALUES (22, N'1_pic_car_horn')
GO
INSERT [dbo].[Image] ([Id], [Name]) VALUES (23, N'1_pic_dog1')
GO
INSERT [dbo].[Image] ([Id], [Name]) VALUES (24, N'1_pic_door_knock')
GO
INSERT [dbo].[Image] ([Id], [Name]) VALUES (25, N'1_pic_steps')
GO
INSERT [dbo].[Image] ([Id], [Name]) VALUES (26, N'1_pic_guitar')
GO
INSERT [dbo].[Image] ([Id], [Name]) VALUES (27, N'1_pic_sheep1')
GO
INSERT [dbo].[Image] ([Id], [Name]) VALUES (28, N'1_pic_horse1')
GO
INSERT [dbo].[Image] ([Id], [Name]) VALUES (29, N'1_pic_snake2')
GO
INSERT [dbo].[Image] ([Id], [Name]) VALUES (30, N'1_pic_piano')
GO
INSERT [dbo].[Image] ([Id], [Name]) VALUES (31, N'1_pic_rain')
GO
INSERT [dbo].[Image] ([Id], [Name]) VALUES (32, N'1_pic_ringtene')
GO
INSERT [dbo].[Image] ([Id], [Name]) VALUES (33, N'1_pic_sheep1')
GO
INSERT [dbo].[Image] ([Id], [Name]) VALUES (34, N'1_pic_snake1')
GO
INSERT [dbo].[Image] ([Id], [Name]) VALUES (35, N'1_pic_water_tap')
GO
INSERT [dbo].[Image] ([Id], [Name]) VALUES (36, N'1_pic_stomach')
GO
INSERT [dbo].[Image] ([Id], [Name]) VALUES (37, N'1_pic_tongue')
GO
SET IDENTITY_INSERT [dbo].[Image] OFF
GO
SET IDENTITY_INSERT [dbo].[Sound] ON 

GO
INSERT [dbo].[Sound] ([Id], [Name]) VALUES (1, N'1_sound_1back')
GO
INSERT [dbo].[Sound] ([Id], [Name]) VALUES (2, N'1_sound_2back')
GO
INSERT [dbo].[Sound] ([Id], [Name]) VALUES (3, N'1_sound_4back')
GO
INSERT [dbo].[Sound] ([Id], [Name]) VALUES (4, N'1_sound_1bee')
GO
INSERT [dbo].[Sound] ([Id], [Name]) VALUES (5, N'1_sound_2bee')
GO
INSERT [dbo].[Sound] ([Id], [Name]) VALUES (6, N'1_sound_4bee')
GO
INSERT [dbo].[Sound] ([Id], [Name]) VALUES (7, N'1_sound_5bee')
GO
INSERT [dbo].[Sound] ([Id], [Name]) VALUES (8, N'1_sound_1bird')
GO
INSERT [dbo].[Sound] ([Id], [Name]) VALUES (9, N'1_sound_2bird')
GO
INSERT [dbo].[Sound] ([Id], [Name]) VALUES (10, N'1_sound_4bird')
GO
INSERT [dbo].[Sound] ([Id], [Name]) VALUES (11, N'1_sound_1cat')
GO
INSERT [dbo].[Sound] ([Id], [Name]) VALUES (12, N'1_sound_2cat')
GO
INSERT [dbo].[Sound] ([Id], [Name]) VALUES (13, N'1_sound_4cat')
GO
INSERT [dbo].[Sound] ([Id], [Name]) VALUES (14, N'1_sound_1chicken')
GO
INSERT [dbo].[Sound] ([Id], [Name]) VALUES (15, N'1_sound_2chicken')
GO
INSERT [dbo].[Sound] ([Id], [Name]) VALUES (16, N'1_sound_4chicken')
GO
INSERT [dbo].[Sound] ([Id], [Name]) VALUES (17, N'1_sound_5chicken')
GO
INSERT [dbo].[Sound] ([Id], [Name]) VALUES (18, N'1_sound_1dog')
GO
INSERT [dbo].[Sound] ([Id], [Name]) VALUES (19, N'1_sound_2dog')
GO
INSERT [dbo].[Sound] ([Id], [Name]) VALUES (20, N'1_sound_4dog')
GO
INSERT [dbo].[Sound] ([Id], [Name]) VALUES (21, N'1_sound_1ear')
GO
INSERT [dbo].[Sound] ([Id], [Name]) VALUES (22, N'1_sound_2ear')
GO
INSERT [dbo].[Sound] ([Id], [Name]) VALUES (23, N'1_sound_3ear')
GO
INSERT [dbo].[Sound] ([Id], [Name]) VALUES (24, N'1_sound_4ear')
GO
INSERT [dbo].[Sound] ([Id], [Name]) VALUES (25, N'1_sound_1eye')
GO
INSERT [dbo].[Sound] ([Id], [Name]) VALUES (26, N'1_sound_2ear')
GO
INSERT [dbo].[Sound] ([Id], [Name]) VALUES (27, N'1_sound_3eye')
GO
INSERT [dbo].[Sound] ([Id], [Name]) VALUES (28, N'1_sound_4eye')
GO
INSERT [dbo].[Sound] ([Id], [Name]) VALUES (29, N'1_sound_1face')
GO
INSERT [dbo].[Sound] ([Id], [Name]) VALUES (30, N'1_sound_2face')
GO
INSERT [dbo].[Sound] ([Id], [Name]) VALUES (31, N'1_sound_4face')
GO
INSERT [dbo].[Sound] ([Id], [Name]) VALUES (32, N'1_sound_1finger')
GO
INSERT [dbo].[Sound] ([Id], [Name]) VALUES (33, N'1_sound_2finger')
GO
INSERT [dbo].[Sound] ([Id], [Name]) VALUES (34, N'1_sound_4finger')
GO
INSERT [dbo].[Sound] ([Id], [Name]) VALUES (35, N'1_sound_1fish')
GO
INSERT [dbo].[Sound] ([Id], [Name]) VALUES (36, N'1_sound_2fish')
GO
INSERT [dbo].[Sound] ([Id], [Name]) VALUES (37, N'1_sound_4fish')
GO
INSERT [dbo].[Sound] ([Id], [Name]) VALUES (38, N'1_sound_5fish')
GO
INSERT [dbo].[Sound] ([Id], [Name]) VALUES (39, N'1_sound_1hair')
GO
INSERT [dbo].[Sound] ([Id], [Name]) VALUES (40, N'1_sound_2hair')
GO
INSERT [dbo].[Sound] ([Id], [Name]) VALUES (41, N'1_sound_4hair')
GO
INSERT [dbo].[Sound] ([Id], [Name]) VALUES (42, N'1_sound_1hand')
GO
INSERT [dbo].[Sound] ([Id], [Name]) VALUES (43, N'1_sound_2hand')
GO
INSERT [dbo].[Sound] ([Id], [Name]) VALUES (44, N'1_sound_3hand')
GO
INSERT [dbo].[Sound] ([Id], [Name]) VALUES (45, N'1_sound_4hand')
GO
INSERT [dbo].[Sound] ([Id], [Name]) VALUES (46, N'1_sound_1horse')
GO
INSERT [dbo].[Sound] ([Id], [Name]) VALUES (47, N'1_sound_2horse')
GO
INSERT [dbo].[Sound] ([Id], [Name]) VALUES (48, N'1_sound_4horse')
GO
INSERT [dbo].[Sound] ([Id], [Name]) VALUES (49, N'1_sound_5horse')
GO
INSERT [dbo].[Sound] ([Id], [Name]) VALUES (50, N'1_sound_1leg')
GO
INSERT [dbo].[Sound] ([Id], [Name]) VALUES (51, N'1_sound_2leg')
GO
INSERT [dbo].[Sound] ([Id], [Name]) VALUES (52, N'1_sound_4leg')
GO
INSERT [dbo].[Sound] ([Id], [Name]) VALUES (53, N'1_sound_1lion')
GO
INSERT [dbo].[Sound] ([Id], [Name]) VALUES (54, N'1_sound_2lion')
GO
INSERT [dbo].[Sound] ([Id], [Name]) VALUES (55, N'1_sound_4lion')
GO
INSERT [dbo].[Sound] ([Id], [Name]) VALUES (56, N'1_sound_5lion')
GO
INSERT [dbo].[Sound] ([Id], [Name]) VALUES (57, N'1_sound_1mouth')
GO
INSERT [dbo].[Sound] ([Id], [Name]) VALUES (58, N'1_sound_2mouth')
GO
INSERT [dbo].[Sound] ([Id], [Name]) VALUES (59, N'1_sound_3mouth')
GO
INSERT [dbo].[Sound] ([Id], [Name]) VALUES (60, N'1_sound_4mouth')
GO
INSERT [dbo].[Sound] ([Id], [Name]) VALUES (61, N'1_sound_1nose')
GO
INSERT [dbo].[Sound] ([Id], [Name]) VALUES (62, N'1_sound_2nose')
GO
INSERT [dbo].[Sound] ([Id], [Name]) VALUES (63, N'1_sound_4nose')
GO
INSERT [dbo].[Sound] ([Id], [Name]) VALUES (64, N'1_sound_ambulane')
GO
INSERT [dbo].[Sound] ([Id], [Name]) VALUES (65, N'1_sound_baby_cry')
GO
INSERT [dbo].[Sound] ([Id], [Name]) VALUES (66, N'1_sound_bird')
GO
INSERT [dbo].[Sound] ([Id], [Name]) VALUES (67, N'1_sound_car_horn')
GO
INSERT [dbo].[Sound] ([Id], [Name]) VALUES (68, N'1_sound_dog')
GO
INSERT [dbo].[Sound] ([Id], [Name]) VALUES (69, N'1_sound_door_knocking')
GO
INSERT [dbo].[Sound] ([Id], [Name]) VALUES (70, N'1_sound_foot steps')
GO
INSERT [dbo].[Sound] ([Id], [Name]) VALUES (71, N'1_sound_guitar')
GO
INSERT [dbo].[Sound] ([Id], [Name]) VALUES (72, N'1_sound_1sheep')
GO
INSERT [dbo].[Sound] ([Id], [Name]) VALUES (73, N'1_sound_2sheep')
GO
INSERT [dbo].[Sound] ([Id], [Name]) VALUES (74, N'1_sound_3sheep')
GO
INSERT [dbo].[Sound] ([Id], [Name]) VALUES (75, N'1_sound_4sheep')
GO
INSERT [dbo].[Sound] ([Id], [Name]) VALUES (76, N'1_sound_5sheep')
GO
INSERT [dbo].[Sound] ([Id], [Name]) VALUES (77, N'1_sound_horse')
GO
INSERT [dbo].[Sound] ([Id], [Name]) VALUES (78, N'1_sound_1sanke')
GO
INSERT [dbo].[Sound] ([Id], [Name]) VALUES (79, N'1_sound_2snake')
GO
INSERT [dbo].[Sound] ([Id], [Name]) VALUES (80, N'1_sound_4snake')
GO
INSERT [dbo].[Sound] ([Id], [Name]) VALUES (81, N'1_sound_piano')
GO
INSERT [dbo].[Sound] ([Id], [Name]) VALUES (82, N'1_sound_rain')
GO
INSERT [dbo].[Sound] ([Id], [Name]) VALUES (83, N'1_sound_ringtone')
GO
INSERT [dbo].[Sound] ([Id], [Name]) VALUES (84, N'1_sound_sheep')
GO
INSERT [dbo].[Sound] ([Id], [Name]) VALUES (85, N'1_sound_snake')
GO
INSERT [dbo].[Sound] ([Id], [Name]) VALUES (86, N'1_sound_tap_water')
GO
INSERT [dbo].[Sound] ([Id], [Name]) VALUES (87, N'1_sound_1stomach')
GO
INSERT [dbo].[Sound] ([Id], [Name]) VALUES (88, N'1_sound_2stomach')
GO
INSERT [dbo].[Sound] ([Id], [Name]) VALUES (89, N'1_sound_3stomach')
GO
INSERT [dbo].[Sound] ([Id], [Name]) VALUES (90, N'1_sound_4stomach')
GO
INSERT [dbo].[Sound] ([Id], [Name]) VALUES (91, N'1_sound_1tongue')
GO
INSERT [dbo].[Sound] ([Id], [Name]) VALUES (92, N'1_sound_2tongue')
GO
INSERT [dbo].[Sound] ([Id], [Name]) VALUES (93, N'1_sound_4tongue')
GO
INSERT [dbo].[Sound] ([Id], [Name]) VALUES (94, N'1_sound_1tooth')
GO
INSERT [dbo].[Sound] ([Id], [Name]) VALUES (95, N'1_sound_2tooth')
GO
INSERT [dbo].[Sound] ([Id], [Name]) VALUES (96, N'1_sound_4tooth')
GO
SET IDENTITY_INSERT [dbo].[Sound] OFF
GO
INSERT [dbo].[SoundImages] ([SoundId], [ImageId]) VALUES (1, 1)
GO
INSERT [dbo].[SoundImages] ([SoundId], [ImageId]) VALUES (2, 1)
GO
INSERT [dbo].[SoundImages] ([SoundId], [ImageId]) VALUES (3, 1)
GO
INSERT [dbo].[SoundImages] ([SoundId], [ImageId]) VALUES (4, 2)
GO
INSERT [dbo].[SoundImages] ([SoundId], [ImageId]) VALUES (5, 2)
GO
INSERT [dbo].[SoundImages] ([SoundId], [ImageId]) VALUES (6, 2)
GO
INSERT [dbo].[SoundImages] ([SoundId], [ImageId]) VALUES (7, 2)
GO
INSERT [dbo].[SoundImages] ([SoundId], [ImageId]) VALUES (8, 3)
GO
INSERT [dbo].[SoundImages] ([SoundId], [ImageId]) VALUES (9, 3)
GO
INSERT [dbo].[SoundImages] ([SoundId], [ImageId]) VALUES (10, 3)
GO
INSERT [dbo].[SoundImages] ([SoundId], [ImageId]) VALUES (11, 4)
GO
INSERT [dbo].[SoundImages] ([SoundId], [ImageId]) VALUES (12, 4)
GO
INSERT [dbo].[SoundImages] ([SoundId], [ImageId]) VALUES (13, 4)
GO
INSERT [dbo].[SoundImages] ([SoundId], [ImageId]) VALUES (14, 5)
GO
INSERT [dbo].[SoundImages] ([SoundId], [ImageId]) VALUES (15, 5)
GO
INSERT [dbo].[SoundImages] ([SoundId], [ImageId]) VALUES (16, 5)
GO
INSERT [dbo].[SoundImages] ([SoundId], [ImageId]) VALUES (17, 5)
GO
INSERT [dbo].[SoundImages] ([SoundId], [ImageId]) VALUES (18, 6)
GO
INSERT [dbo].[SoundImages] ([SoundId], [ImageId]) VALUES (19, 6)
GO
INSERT [dbo].[SoundImages] ([SoundId], [ImageId]) VALUES (20, 6)
GO
INSERT [dbo].[SoundImages] ([SoundId], [ImageId]) VALUES (21, 7)
GO
INSERT [dbo].[SoundImages] ([SoundId], [ImageId]) VALUES (22, 7)
GO
INSERT [dbo].[SoundImages] ([SoundId], [ImageId]) VALUES (23, 7)
GO
INSERT [dbo].[SoundImages] ([SoundId], [ImageId]) VALUES (24, 7)
GO
INSERT [dbo].[SoundImages] ([SoundId], [ImageId]) VALUES (25, 8)
GO
INSERT [dbo].[SoundImages] ([SoundId], [ImageId]) VALUES (26, 8)
GO
INSERT [dbo].[SoundImages] ([SoundId], [ImageId]) VALUES (27, 8)
GO
INSERT [dbo].[SoundImages] ([SoundId], [ImageId]) VALUES (28, 8)
GO
INSERT [dbo].[SoundImages] ([SoundId], [ImageId]) VALUES (29, 9)
GO
INSERT [dbo].[SoundImages] ([SoundId], [ImageId]) VALUES (30, 9)
GO
INSERT [dbo].[SoundImages] ([SoundId], [ImageId]) VALUES (31, 9)
GO
INSERT [dbo].[SoundImages] ([SoundId], [ImageId]) VALUES (32, 10)
GO
INSERT [dbo].[SoundImages] ([SoundId], [ImageId]) VALUES (33, 10)
GO
INSERT [dbo].[SoundImages] ([SoundId], [ImageId]) VALUES (34, 10)
GO
INSERT [dbo].[SoundImages] ([SoundId], [ImageId]) VALUES (35, 11)
GO
INSERT [dbo].[SoundImages] ([SoundId], [ImageId]) VALUES (36, 11)
GO
INSERT [dbo].[SoundImages] ([SoundId], [ImageId]) VALUES (37, 11)
GO
INSERT [dbo].[SoundImages] ([SoundId], [ImageId]) VALUES (38, 11)
GO
INSERT [dbo].[SoundImages] ([SoundId], [ImageId]) VALUES (39, 12)
GO
INSERT [dbo].[SoundImages] ([SoundId], [ImageId]) VALUES (40, 12)
GO
INSERT [dbo].[SoundImages] ([SoundId], [ImageId]) VALUES (41, 12)
GO
INSERT [dbo].[SoundImages] ([SoundId], [ImageId]) VALUES (42, 13)
GO
INSERT [dbo].[SoundImages] ([SoundId], [ImageId]) VALUES (43, 13)
GO
INSERT [dbo].[SoundImages] ([SoundId], [ImageId]) VALUES (44, 13)
GO
INSERT [dbo].[SoundImages] ([SoundId], [ImageId]) VALUES (45, 13)
GO
INSERT [dbo].[SoundImages] ([SoundId], [ImageId]) VALUES (46, 14)
GO
INSERT [dbo].[SoundImages] ([SoundId], [ImageId]) VALUES (47, 14)
GO
INSERT [dbo].[SoundImages] ([SoundId], [ImageId]) VALUES (48, 14)
GO
INSERT [dbo].[SoundImages] ([SoundId], [ImageId]) VALUES (49, 14)
GO
INSERT [dbo].[SoundImages] ([SoundId], [ImageId]) VALUES (50, 15)
GO
INSERT [dbo].[SoundImages] ([SoundId], [ImageId]) VALUES (51, 15)
GO
INSERT [dbo].[SoundImages] ([SoundId], [ImageId]) VALUES (52, 15)
GO
INSERT [dbo].[SoundImages] ([SoundId], [ImageId]) VALUES (53, 16)
GO
INSERT [dbo].[SoundImages] ([SoundId], [ImageId]) VALUES (54, 16)
GO
INSERT [dbo].[SoundImages] ([SoundId], [ImageId]) VALUES (55, 16)
GO
INSERT [dbo].[SoundImages] ([SoundId], [ImageId]) VALUES (56, 16)
GO
INSERT [dbo].[SoundImages] ([SoundId], [ImageId]) VALUES (57, 17)
GO
INSERT [dbo].[SoundImages] ([SoundId], [ImageId]) VALUES (58, 17)
GO
INSERT [dbo].[SoundImages] ([SoundId], [ImageId]) VALUES (59, 17)
GO
INSERT [dbo].[SoundImages] ([SoundId], [ImageId]) VALUES (60, 17)
GO
INSERT [dbo].[SoundImages] ([SoundId], [ImageId]) VALUES (61, 18)
GO
INSERT [dbo].[SoundImages] ([SoundId], [ImageId]) VALUES (62, 18)
GO
INSERT [dbo].[SoundImages] ([SoundId], [ImageId]) VALUES (63, 18)
GO
INSERT [dbo].[SoundImages] ([SoundId], [ImageId]) VALUES (64, 19)
GO
INSERT [dbo].[SoundImages] ([SoundId], [ImageId]) VALUES (65, 20)
GO
INSERT [dbo].[SoundImages] ([SoundId], [ImageId]) VALUES (66, 21)
GO
INSERT [dbo].[SoundImages] ([SoundId], [ImageId]) VALUES (67, 22)
GO
INSERT [dbo].[SoundImages] ([SoundId], [ImageId]) VALUES (68, 23)
GO
INSERT [dbo].[SoundImages] ([SoundId], [ImageId]) VALUES (69, 24)
GO
INSERT [dbo].[SoundImages] ([SoundId], [ImageId]) VALUES (70, 25)
GO
INSERT [dbo].[SoundImages] ([SoundId], [ImageId]) VALUES (71, 26)
GO
INSERT [dbo].[SoundImages] ([SoundId], [ImageId]) VALUES (72, 27)
GO
INSERT [dbo].[SoundImages] ([SoundId], [ImageId]) VALUES (73, 27)
GO
INSERT [dbo].[SoundImages] ([SoundId], [ImageId]) VALUES (74, 27)
GO
INSERT [dbo].[SoundImages] ([SoundId], [ImageId]) VALUES (75, 27)
GO
INSERT [dbo].[SoundImages] ([SoundId], [ImageId]) VALUES (76, 27)
GO
INSERT [dbo].[SoundImages] ([SoundId], [ImageId]) VALUES (77, 28)
GO
INSERT [dbo].[SoundImages] ([SoundId], [ImageId]) VALUES (78, 29)
GO
INSERT [dbo].[SoundImages] ([SoundId], [ImageId]) VALUES (79, 29)
GO
INSERT [dbo].[SoundImages] ([SoundId], [ImageId]) VALUES (80, 29)
GO
INSERT [dbo].[SoundImages] ([SoundId], [ImageId]) VALUES (81, 30)
GO
INSERT [dbo].[SoundImages] ([SoundId], [ImageId]) VALUES (82, 31)
GO
INSERT [dbo].[SoundImages] ([SoundId], [ImageId]) VALUES (83, 32)
GO
INSERT [dbo].[SoundImages] ([SoundId], [ImageId]) VALUES (84, 33)
GO
INSERT [dbo].[SoundImages] ([SoundId], [ImageId]) VALUES (85, 34)
GO
INSERT [dbo].[SoundImages] ([SoundId], [ImageId]) VALUES (86, 35)
GO
INSERT [dbo].[SoundImages] ([SoundId], [ImageId]) VALUES (87, 36)
GO
INSERT [dbo].[SoundImages] ([SoundId], [ImageId]) VALUES (88, 36)
GO
INSERT [dbo].[SoundImages] ([SoundId], [ImageId]) VALUES (89, 36)
GO
INSERT [dbo].[SoundImages] ([SoundId], [ImageId]) VALUES (90, 36)
GO
INSERT [dbo].[SoundImages] ([SoundId], [ImageId]) VALUES (91, 37)
GO
INSERT [dbo].[SoundImages] ([SoundId], [ImageId]) VALUES (92, 37)
GO
INSERT [dbo].[SoundImages] ([SoundId], [ImageId]) VALUES (93, 37)
GO
INSERT [dbo].[SessionsSounds] ([SessionId], [SoundId]) VALUES (1, 1)
GO
INSERT [dbo].[SessionsSounds] ([SessionId], [SoundId]) VALUES (1, 2)
GO
INSERT [dbo].[SessionsSounds] ([SessionId], [SoundId]) VALUES (1, 3)
GO
INSERT [dbo].[SessionsSounds] ([SessionId], [SoundId]) VALUES (1, 4)
GO
INSERT [dbo].[SessionsSounds] ([SessionId], [SoundId]) VALUES (1, 5)
GO
INSERT [dbo].[SessionsSounds] ([SessionId], [SoundId]) VALUES (1, 6)
GO
INSERT [dbo].[SessionsSounds] ([SessionId], [SoundId]) VALUES (1, 7)
GO
INSERT [dbo].[SessionsSounds] ([SessionId], [SoundId]) VALUES (1, 8)
GO
INSERT [dbo].[SessionsSounds] ([SessionId], [SoundId]) VALUES (1, 9)
GO
INSERT [dbo].[SessionsSounds] ([SessionId], [SoundId]) VALUES (1, 10)
GO
INSERT [dbo].[SessionsSounds] ([SessionId], [SoundId]) VALUES (1, 11)
GO
INSERT [dbo].[SessionsSounds] ([SessionId], [SoundId]) VALUES (2, 12)
GO
INSERT [dbo].[SessionsSounds] ([SessionId], [SoundId]) VALUES (2, 13)
GO
INSERT [dbo].[SessionsSounds] ([SessionId], [SoundId]) VALUES (2, 14)
GO
INSERT [dbo].[SessionsSounds] ([SessionId], [SoundId]) VALUES (2, 15)
GO
INSERT [dbo].[SessionsSounds] ([SessionId], [SoundId]) VALUES (2, 16)
GO
INSERT [dbo].[SessionsSounds] ([SessionId], [SoundId]) VALUES (2, 17)
GO
INSERT [dbo].[SessionsSounds] ([SessionId], [SoundId]) VALUES (2, 18)
GO
INSERT [dbo].[SessionsSounds] ([SessionId], [SoundId]) VALUES (2, 19)
GO
INSERT [dbo].[SessionsSounds] ([SessionId], [SoundId]) VALUES (2, 20)
GO
INSERT [dbo].[SessionsSounds] ([SessionId], [SoundId]) VALUES (2, 21)
GO
INSERT [dbo].[SessionsSounds] ([SessionId], [SoundId]) VALUES (2, 22)
GO
INSERT [dbo].[SessionsSounds] ([SessionId], [SoundId]) VALUES (2, 23)
GO
INSERT [dbo].[SessionsSounds] ([SessionId], [SoundId]) VALUES (2, 24)
GO
INSERT [dbo].[SessionsSounds] ([SessionId], [SoundId]) VALUES (2, 25)
GO
INSERT [dbo].[SessionsSounds] ([SessionId], [SoundId]) VALUES (2, 26)
GO
INSERT [dbo].[SessionsSounds] ([SessionId], [SoundId]) VALUES (2, 27)
GO
INSERT [dbo].[SessionsSounds] ([SessionId], [SoundId]) VALUES (2, 28)
GO
INSERT [dbo].[SessionsSounds] ([SessionId], [SoundId]) VALUES (2, 29)
GO
INSERT [dbo].[SessionsSounds] ([SessionId], [SoundId]) VALUES (2, 30)
GO
INSERT [dbo].[SessionsSounds] ([SessionId], [SoundId]) VALUES (2, 31)
GO
INSERT [dbo].[SessionsSounds] ([SessionId], [SoundId]) VALUES (2, 32)
GO
INSERT [dbo].[SessionsSounds] ([SessionId], [SoundId]) VALUES (2, 33)
GO
INSERT [dbo].[SessionsSounds] ([SessionId], [SoundId]) VALUES (2, 34)
GO
INSERT [dbo].[SessionsSounds] ([SessionId], [SoundId]) VALUES (2, 35)
GO
INSERT [dbo].[SessionsSounds] ([SessionId], [SoundId]) VALUES (2, 36)
GO
INSERT [dbo].[SessionsSounds] ([SessionId], [SoundId]) VALUES (2, 37)
GO
INSERT [dbo].[SessionsSounds] ([SessionId], [SoundId]) VALUES (2, 38)
GO
INSERT [dbo].[SessionsSounds] ([SessionId], [SoundId]) VALUES (2, 39)
GO
INSERT [dbo].[SessionsSounds] ([SessionId], [SoundId]) VALUES (2, 40)
GO
INSERT [dbo].[SessionsSounds] ([SessionId], [SoundId]) VALUES (2, 41)
GO
INSERT [dbo].[SessionsSounds] ([SessionId], [SoundId]) VALUES (2, 42)
GO
INSERT [dbo].[SessionsSounds] ([SessionId], [SoundId]) VALUES (2, 43)
GO
INSERT [dbo].[SessionsSounds] ([SessionId], [SoundId]) VALUES (2, 44)
GO
INSERT [dbo].[SessionsSounds] ([SessionId], [SoundId]) VALUES (2, 45)
GO
INSERT [dbo].[SessionsSounds] ([SessionId], [SoundId]) VALUES (2, 46)
GO
INSERT [dbo].[SessionsSounds] ([SessionId], [SoundId]) VALUES (2, 47)
GO
INSERT [dbo].[SessionsSounds] ([SessionId], [SoundId]) VALUES (2, 48)
GO
INSERT [dbo].[SessionsSounds] ([SessionId], [SoundId]) VALUES (2, 49)
GO
INSERT [dbo].[SessionsSounds] ([SessionId], [SoundId]) VALUES (2, 50)
GO
INSERT [dbo].[SessionsSounds] ([SessionId], [SoundId]) VALUES (2, 51)
GO
INSERT [dbo].[SessionsSounds] ([SessionId], [SoundId]) VALUES (2, 52)
GO
INSERT [dbo].[SessionsSounds] ([SessionId], [SoundId]) VALUES (2, 53)
GO
INSERT [dbo].[SessionsSounds] ([SessionId], [SoundId]) VALUES (2, 54)
GO
INSERT [dbo].[SessionsSounds] ([SessionId], [SoundId]) VALUES (2, 55)
GO
INSERT [dbo].[SessionsSounds] ([SessionId], [SoundId]) VALUES (2, 56)
GO
INSERT [dbo].[SessionsSounds] ([SessionId], [SoundId]) VALUES (2, 57)
GO
INSERT [dbo].[SessionsSounds] ([SessionId], [SoundId]) VALUES (2, 58)
GO
INSERT [dbo].[SessionsSounds] ([SessionId], [SoundId]) VALUES (2, 59)
GO
INSERT [dbo].[SessionsSounds] ([SessionId], [SoundId]) VALUES (2, 60)
GO
INSERT [dbo].[SessionsSounds] ([SessionId], [SoundId]) VALUES (2, 61)
GO
INSERT [dbo].[SessionsSounds] ([SessionId], [SoundId]) VALUES (2, 62)
GO
INSERT [dbo].[SessionsSounds] ([SessionId], [SoundId]) VALUES (2, 63)
GO
INSERT [dbo].[SessionsSounds] ([SessionId], [SoundId]) VALUES (2, 64)
GO
INSERT [dbo].[SessionsSounds] ([SessionId], [SoundId]) VALUES (2, 65)
GO
INSERT [dbo].[SessionsSounds] ([SessionId], [SoundId]) VALUES (2, 66)
GO
INSERT [dbo].[SessionsSounds] ([SessionId], [SoundId]) VALUES (2, 67)
GO
INSERT [dbo].[SessionsSounds] ([SessionId], [SoundId]) VALUES (2, 68)
GO
INSERT [dbo].[SessionsSounds] ([SessionId], [SoundId]) VALUES (2, 69)
GO
INSERT [dbo].[SessionsSounds] ([SessionId], [SoundId]) VALUES (2, 70)
GO
INSERT [dbo].[SessionsSounds] ([SessionId], [SoundId]) VALUES (2, 71)
GO
INSERT [dbo].[SessionsSounds] ([SessionId], [SoundId]) VALUES (2, 72)
GO
INSERT [dbo].[SessionsSounds] ([SessionId], [SoundId]) VALUES (2, 73)
GO
INSERT [dbo].[SessionsSounds] ([SessionId], [SoundId]) VALUES (2, 74)
GO
INSERT [dbo].[SessionsSounds] ([SessionId], [SoundId]) VALUES (2, 75)
GO
INSERT [dbo].[SessionsSounds] ([SessionId], [SoundId]) VALUES (2, 76)
GO
INSERT [dbo].[SessionsSounds] ([SessionId], [SoundId]) VALUES (2, 77)
GO
INSERT [dbo].[SessionsSounds] ([SessionId], [SoundId]) VALUES (2, 78)
GO
INSERT [dbo].[SessionsSounds] ([SessionId], [SoundId]) VALUES (2, 79)
GO
INSERT [dbo].[SessionsSounds] ([SessionId], [SoundId]) VALUES (2, 80)
GO
INSERT [dbo].[SessionsSounds] ([SessionId], [SoundId]) VALUES (2, 81)
GO
INSERT [dbo].[SessionsSounds] ([SessionId], [SoundId]) VALUES (2, 82)
GO
INSERT [dbo].[SessionsSounds] ([SessionId], [SoundId]) VALUES (2, 83)
GO
INSERT [dbo].[SessionsSounds] ([SessionId], [SoundId]) VALUES (2, 84)
GO
INSERT [dbo].[SessionsSounds] ([SessionId], [SoundId]) VALUES (2, 85)
GO
INSERT [dbo].[SessionsSounds] ([SessionId], [SoundId]) VALUES (2, 86)
GO
INSERT [dbo].[SessionsSounds] ([SessionId], [SoundId]) VALUES (2, 87)
GO
INSERT [dbo].[SessionsSounds] ([SessionId], [SoundId]) VALUES (2, 88)
GO
INSERT [dbo].[SessionsSounds] ([SessionId], [SoundId]) VALUES (2, 89)
GO
INSERT [dbo].[SessionsSounds] ([SessionId], [SoundId]) VALUES (2, 90)
GO
INSERT [dbo].[SessionsSounds] ([SessionId], [SoundId]) VALUES (2, 91)
GO
INSERT [dbo].[SessionsSounds] ([SessionId], [SoundId]) VALUES (2, 92)
GO
INSERT [dbo].[SessionsSounds] ([SessionId], [SoundId]) VALUES (2, 93)
GO
INSERT [dbo].[SessionsSounds] ([SessionId], [SoundId]) VALUES (2, 94)
GO
INSERT [dbo].[SessionsSounds] ([SessionId], [SoundId]) VALUES (2, 95)
GO
INSERT [dbo].[SessionsSounds] ([SessionId], [SoundId]) VALUES (2, 96)
GO
