USE [STSDb]
GO
SET IDENTITY_INSERT [dbo].[Image] ON 

GO
INSERT [dbo].[Image] ([Id], [Name]) VALUES (1, N'1_pic_door_knock')
GO
INSERT [dbo].[Image] ([Id], [Name]) VALUES (2, N'1_pic_steps')
GO
INSERT [dbo].[Image] ([Id], [Name]) VALUES (3, N'1_pic_ringtene')
GO
INSERT [dbo].[Image] ([Id], [Name]) VALUES (4, N'1_pic_water_tap')
GO
INSERT [dbo].[Image] ([Id], [Name]) VALUES (5, N'1_pic_ambulance')
GO
INSERT [dbo].[Image] ([Id], [Name]) VALUES (6, N'1_pic_car_horn')
GO
INSERT [dbo].[Image] ([Id], [Name]) VALUES (7, N'1_pic_rain')
GO
INSERT [dbo].[Image] ([Id], [Name]) VALUES (8, N'1_pic_vacum')
GO
INSERT [dbo].[Image] ([Id], [Name]) VALUES (9, N'1_pic_bird2')
GO
INSERT [dbo].[Image] ([Id], [Name]) VALUES (10, N'1_pic_dog1')
GO
INSERT [dbo].[Image] ([Id], [Name]) VALUES (11, N'1_pic_snake1')
GO
INSERT [dbo].[Image] ([Id], [Name]) VALUES (12, N'1_pic_guitar')
GO
INSERT [dbo].[Image] ([Id], [Name]) VALUES (13, N'1_pic_horse1')
GO
INSERT [dbo].[Image] ([Id], [Name]) VALUES (14, N'1_pic_piano')
GO
INSERT [dbo].[Image] ([Id], [Name]) VALUES (15, N'1_pic_sheep1')
GO
INSERT [dbo].[Image] ([Id], [Name]) VALUES (16, N'1_pic_baby')
GO
INSERT [dbo].[Image] ([Id], [Name]) VALUES (17, N'1_pic_grandpa')
GO
INSERT [dbo].[Image] ([Id], [Name]) VALUES (18, N'1_pic_man')
GO
INSERT [dbo].[Image] ([Id], [Name]) VALUES (19, N'1_pic_woman')
GO
INSERT [dbo].[Image] ([Id], [Name]) VALUES (20, N'1_pic_bee')
GO
INSERT [dbo].[Image] ([Id], [Name]) VALUES (21, N'1_pic_chicken')
GO
INSERT [dbo].[Image] ([Id], [Name]) VALUES (22, N'1_pic_fish')
GO
INSERT [dbo].[Image] ([Id], [Name]) VALUES (23, N'1_pic_lion')
GO
INSERT [dbo].[Image] ([Id], [Name]) VALUES (24, N'1_pic_sheep1')
GO
INSERT [dbo].[Image] ([Id], [Name]) VALUES (25, N'1_pic_ear')
GO
INSERT [dbo].[Image] ([Id], [Name]) VALUES (26, N'1_pic_eye')
GO
INSERT [dbo].[Image] ([Id], [Name]) VALUES (27, N'1_pic_mouth')
GO
INSERT [dbo].[Image] ([Id], [Name]) VALUES (28, N'1_pic_nose')
GO
INSERT [dbo].[Image] ([Id], [Name]) VALUES (29, N'1_pic_face')
GO
INSERT [dbo].[Image] ([Id], [Name]) VALUES (30, N'1_pic_hair')
GO
INSERT [dbo].[Image] ([Id], [Name]) VALUES (31, N'1_pic_tongue')
GO
INSERT [dbo].[Image] ([Id], [Name]) VALUES (32, N'1_pic_back')
GO
INSERT [dbo].[Image] ([Id], [Name]) VALUES (33, N'1_pic_finger')
GO
INSERT [dbo].[Image] ([Id], [Name]) VALUES (34, N'1_pic_hand')
GO
INSERT [dbo].[Image] ([Id], [Name]) VALUES (35, N'1_pic_leg')
GO
INSERT [dbo].[Image] ([Id], [Name]) VALUES (36, N'1_pic_stomach')
GO
INSERT [dbo].[Image] ([Id], [Name]) VALUES (37, N'1_pic_bird1')
GO
INSERT [dbo].[Image] ([Id], [Name]) VALUES (38, N'1_pic_cat2')
GO
INSERT [dbo].[Image] ([Id], [Name]) VALUES (39, N'1_pic_dog2')
GO
INSERT [dbo].[Image] ([Id], [Name]) VALUES (40, N'1_pic_horse2')
GO
INSERT [dbo].[Image] ([Id], [Name]) VALUES (41, N'1_pic_snake2')
GO
SET IDENTITY_INSERT [dbo].[Image] OFF
GO
SET IDENTITY_INSERT [dbo].[Sound] ON 

GO
INSERT [dbo].[Sound] ([Id], [Name]) VALUES (1, N'1_sound_door_knocking')
GO
INSERT [dbo].[Sound] ([Id], [Name]) VALUES (2, N'1_sound_foot steps')
GO
INSERT [dbo].[Sound] ([Id], [Name]) VALUES (3, N'1_sound_ringtone')
GO
INSERT [dbo].[Sound] ([Id], [Name]) VALUES (4, N'1_sound_tap_water')
GO
INSERT [dbo].[Sound] ([Id], [Name]) VALUES (5, N'1_sound_ambulane')
GO
INSERT [dbo].[Sound] ([Id], [Name]) VALUES (6, N'1_sound_car_horn')
GO
INSERT [dbo].[Sound] ([Id], [Name]) VALUES (7, N'1_sound_rain')
GO
INSERT [dbo].[Sound] ([Id], [Name]) VALUES (8, N'1_sound_vacum')
GO
INSERT [dbo].[Sound] ([Id], [Name]) VALUES (9, N'1_sound_bird')
GO
INSERT [dbo].[Sound] ([Id], [Name]) VALUES (10, N'1_sound_dog')
GO
INSERT [dbo].[Sound] ([Id], [Name]) VALUES (11, N'1_sound_snake')
GO
INSERT [dbo].[Sound] ([Id], [Name]) VALUES (12, N'1_sound_guitar')
GO
INSERT [dbo].[Sound] ([Id], [Name]) VALUES (13, N'1_sound_horse')
GO
INSERT [dbo].[Sound] ([Id], [Name]) VALUES (14, N'1_sound_piano')
GO
INSERT [dbo].[Sound] ([Id], [Name]) VALUES (15, N'1_sound_sheep')
GO
INSERT [dbo].[Sound] ([Id], [Name]) VALUES (16, N'1_sound_baby')
GO
INSERT [dbo].[Sound] ([Id], [Name]) VALUES (17, N'1_sound_3sheep')
GO
INSERT [dbo].[Sound] ([Id], [Name]) VALUES (18, N'1_sound_1dog')
GO
INSERT [dbo].[Sound] ([Id], [Name]) VALUES (19, N'1_sound_2dog')
GO
INSERT [dbo].[Sound] ([Id], [Name]) VALUES (20, N'1_sound_2bee')
GO
INSERT [dbo].[Sound] ([Id], [Name]) VALUES (21, N'1_sound_2chicken')
GO
INSERT [dbo].[Sound] ([Id], [Name]) VALUES (22, N'1_sound_2fish')
GO
INSERT [dbo].[Sound] ([Id], [Name]) VALUES (23, N'1_sound_2lion')
GO
INSERT [dbo].[Sound] ([Id], [Name]) VALUES (24, N'1_sound_3sheep')
GO
INSERT [dbo].[Sound] ([Id], [Name]) VALUES (25, N'1_sound_3ear')
GO
INSERT [dbo].[Sound] ([Id], [Name]) VALUES (26, N'1_sound_3eye')
GO
INSERT [dbo].[Sound] ([Id], [Name]) VALUES (27, N'1_sound_3mouth')
GO
INSERT [dbo].[Sound] ([Id], [Name]) VALUES (28, N'1_sound_2nose')
GO
INSERT [dbo].[Sound] ([Id], [Name]) VALUES (29, N'1_sound_2face')
GO
INSERT [dbo].[Sound] ([Id], [Name]) VALUES (30, N'1_sound_2hair')
GO
INSERT [dbo].[Sound] ([Id], [Name]) VALUES (31, N'1_sound_2tongue')
GO
INSERT [dbo].[Sound] ([Id], [Name]) VALUES (32, N'1_sound_2tooth')
GO
INSERT [dbo].[Sound] ([Id], [Name]) VALUES (33, N'1_sound_2back')
GO
INSERT [dbo].[Sound] ([Id], [Name]) VALUES (34, N'1_sound_2finger')
GO
INSERT [dbo].[Sound] ([Id], [Name]) VALUES (35, N'1_sound_3hand')
GO
INSERT [dbo].[Sound] ([Id], [Name]) VALUES (36, N'1_sound_2leg')
GO
INSERT [dbo].[Sound] ([Id], [Name]) VALUES (37, N'1_sound_3stomach')
GO
INSERT [dbo].[Sound] ([Id], [Name]) VALUES (38, N'1_sound_2bird')
GO
INSERT [dbo].[Sound] ([Id], [Name]) VALUES (39, N'1_sound_2cat')
GO
INSERT [dbo].[Sound] ([Id], [Name]) VALUES (40, N'1_sound_2dog')
GO
INSERT [dbo].[Sound] ([Id], [Name]) VALUES (41, N'1_sound_2horse')
GO
INSERT [dbo].[Sound] ([Id], [Name]) VALUES (42, N'1_sound_2snake')
GO
SET IDENTITY_INSERT [dbo].[Sound] OFF
GO
INSERT [dbo].[SoundImages] ([SoundId], [ImageId]) VALUES (1, 1)
GO
INSERT [dbo].[SoundImages] ([SoundId], [ImageId]) VALUES (2, 2)
GO
INSERT [dbo].[SoundImages] ([SoundId], [ImageId]) VALUES (3, 3)
GO
INSERT [dbo].[SoundImages] ([SoundId], [ImageId]) VALUES (4, 4)
GO
INSERT [dbo].[SoundImages] ([SoundId], [ImageId]) VALUES (5, 5)
GO
INSERT [dbo].[SoundImages] ([SoundId], [ImageId]) VALUES (6, 6)
GO
INSERT [dbo].[SoundImages] ([SoundId], [ImageId]) VALUES (7, 7)
GO
INSERT [dbo].[SoundImages] ([SoundId], [ImageId]) VALUES (8, 8)
GO
INSERT [dbo].[SoundImages] ([SoundId], [ImageId]) VALUES (9, 9)
GO
INSERT [dbo].[SoundImages] ([SoundId], [ImageId]) VALUES (10, 10)
GO
INSERT [dbo].[SoundImages] ([SoundId], [ImageId]) VALUES (11, 11)
GO
INSERT [dbo].[SoundImages] ([SoundId], [ImageId]) VALUES (12, 12)
GO
INSERT [dbo].[SoundImages] ([SoundId], [ImageId]) VALUES (13, 13)
GO
INSERT [dbo].[SoundImages] ([SoundId], [ImageId]) VALUES (14, 14)
GO
INSERT [dbo].[SoundImages] ([SoundId], [ImageId]) VALUES (15, 15)
GO
INSERT [dbo].[SoundImages] ([SoundId], [ImageId]) VALUES (16, 16)
GO
INSERT [dbo].[SoundImages] ([SoundId], [ImageId]) VALUES (17, 17)
GO
INSERT [dbo].[SoundImages] ([SoundId], [ImageId]) VALUES (18, 18)
GO
INSERT [dbo].[SoundImages] ([SoundId], [ImageId]) VALUES (19, 19)
GO
INSERT [dbo].[SoundImages] ([SoundId], [ImageId]) VALUES (20, 20)
GO
INSERT [dbo].[SoundImages] ([SoundId], [ImageId]) VALUES (21, 21)
GO
INSERT [dbo].[SoundImages] ([SoundId], [ImageId]) VALUES (22, 22)
GO
INSERT [dbo].[SoundImages] ([SoundId], [ImageId]) VALUES (23, 23)
GO
INSERT [dbo].[SoundImages] ([SoundId], [ImageId]) VALUES (24, 24)
GO
INSERT [dbo].[SoundImages] ([SoundId], [ImageId]) VALUES (25, 25)
GO
INSERT [dbo].[SoundImages] ([SoundId], [ImageId]) VALUES (26, 26)
GO
INSERT [dbo].[SoundImages] ([SoundId], [ImageId]) VALUES (27, 27)
GO
INSERT [dbo].[SoundImages] ([SoundId], [ImageId]) VALUES (28, 28)
GO
INSERT [dbo].[SoundImages] ([SoundId], [ImageId]) VALUES (29, 29)
GO
INSERT [dbo].[SoundImages] ([SoundId], [ImageId]) VALUES (30, 30)
GO
INSERT [dbo].[SoundImages] ([SoundId], [ImageId]) VALUES (31, 31)
GO
INSERT [dbo].[SoundImages] ([SoundId], [ImageId]) VALUES (33, 32)
GO
INSERT [dbo].[SoundImages] ([SoundId], [ImageId]) VALUES (34, 33)
GO
INSERT [dbo].[SoundImages] ([SoundId], [ImageId]) VALUES (35, 34)
GO
INSERT [dbo].[SoundImages] ([SoundId], [ImageId]) VALUES (36, 35)
GO
INSERT [dbo].[SoundImages] ([SoundId], [ImageId]) VALUES (37, 36)
GO
INSERT [dbo].[SoundImages] ([SoundId], [ImageId]) VALUES (38, 37)
GO
INSERT [dbo].[SoundImages] ([SoundId], [ImageId]) VALUES (39, 38)
GO
INSERT [dbo].[SoundImages] ([SoundId], [ImageId]) VALUES (40, 39)
GO
INSERT [dbo].[SoundImages] ([SoundId], [ImageId]) VALUES (41, 40)
GO
INSERT [dbo].[SoundImages] ([SoundId], [ImageId]) VALUES (42, 41)
GO
SET IDENTITY_INSERT [dbo].[Module] ON 

GO
INSERT [dbo].[Module] ([Id], [Order], [Title], [Descreption], [ImageName], [PrerequisiteModuleId]) VALUES (1, 1, N'كشف الأصوات', N'هل تسمع الصوت؟', N'1_Pic_1', NULL)
GO
INSERT [dbo].[Module] ([Id], [Order], [Title], [Descreption], [ImageName], [PrerequisiteModuleId]) VALUES (2, 2, N'تمييز الأصوات', N'ماهذا الصوت؟', N'1_Pic_2', NULL)
GO
INSERT [dbo].[Module] ([Id], [Order], [Title], [Descreption], [ImageName], [PrerequisiteModuleId]) VALUES (3, 3, N'كلمات', NULL, N'1_Pic_3', NULL)
GO
INSERT [dbo].[Module] ([Id], [Order], [Title], [Descreption], [ImageName], [PrerequisiteModuleId]) VALUES (4, 4, N'جمل', NULL, N'1_Pic_4', NULL)
GO
SET IDENTITY_INSERT [dbo].[Module] OFF
GO
SET IDENTITY_INSERT [dbo].[Session] ON 

GO
INSERT [dbo].[Session] ([Id], [ModuleId], [Title], [Descreption], [Order], [ImageName], [PrerequisiteSessionId], [IsLastSession]) VALUES (1, 2, N'المرحلة الأولى', NULL, 1, N'1_Pic_1fish', NULL, 0)
GO
INSERT [dbo].[Session] ([Id], [ModuleId], [Title], [Descreption], [Order], [ImageName], [PrerequisiteSessionId], [IsLastSession]) VALUES (2, 2, N'المرحلة الثانية', NULL, 2, N'1_Pic_2fish', NULL, 0)
GO
INSERT [dbo].[Session] ([Id], [ModuleId], [Title], [Descreption], [Order], [ImageName], [PrerequisiteSessionId], [IsLastSession]) VALUES (3, 2, N'المرحلة الثالثة', NULL, 3, N'1_Pic_3fish', NULL, 0)
GO
INSERT [dbo].[Session] ([Id], [ModuleId], [Title], [Descreption], [Order], [ImageName], [PrerequisiteSessionId], [IsLastSession]) VALUES (4, 2, N'المرحلة الرابعة', NULL, 4, N'1_Pic_4fish', NULL, 0)
GO
INSERT [dbo].[Session] ([Id], [ModuleId], [Title], [Descreption], [Order], [ImageName], [PrerequisiteSessionId], [IsLastSession]) VALUES (5, 2, N'المرحلة الخامسة', NULL, 5, N'1_Pic_5fish', NULL, 1)
GO
INSERT [dbo].[Session] ([Id], [ModuleId], [Title], [Descreption], [Order], [ImageName], [PrerequisiteSessionId], [IsLastSession]) VALUES (6, 3, N'المرحلة الأولى', NULL, 1, N'1_Pic_1fish', NULL, 0)
GO
INSERT [dbo].[Session] ([Id], [ModuleId], [Title], [Descreption], [Order], [ImageName], [PrerequisiteSessionId], [IsLastSession]) VALUES (7, 3, N'المرحلة الثانية', NULL, 2, N'1_Pic_2fish', NULL, 0)
GO
INSERT [dbo].[Session] ([Id], [ModuleId], [Title], [Descreption], [Order], [ImageName], [PrerequisiteSessionId], [IsLastSession]) VALUES (8, 3, N'المرحلة الثالثة', NULL, 3, N'1_Pic_3fish', NULL, 0)
GO
INSERT [dbo].[Session] ([Id], [ModuleId], [Title], [Descreption], [Order], [ImageName], [PrerequisiteSessionId], [IsLastSession]) VALUES (9, 3, N'المرحلة الرابعة', NULL, 4, N'1_Pic_4fish', NULL, 0)
GO
INSERT [dbo].[Session] ([Id], [ModuleId], [Title], [Descreption], [Order], [ImageName], [PrerequisiteSessionId], [IsLastSession]) VALUES (10, 3, N'المرحلة الخامسة', NULL, 5, N'1_Pic_5fish', NULL, 1)
GO
SET IDENTITY_INSERT [dbo].[Session] OFF
GO
SET IDENTITY_INSERT [dbo].[Users] ON 

GO
INSERT [dbo].[Users] ([Id], [FirstName], [LastName], [PasswordHash], [PasswordSalt], [Username]) VALUES (1, N'admin', N'account', 0x30784136453444443834443242413132443744363139333833463630433745303632384330323136434646383839413235434631344333443930393635303633344237463432393931324143383341323446343043463937343939393234383945444535393237334336443234323232433544323546454236444539323236334132, 0x307834303746384544393136443430383338383730343338453941314146383742384131374632444232354434373539464141414132343736444144463344353635463545383746394630354335343632424441414230324341353234373041313946413644343439454431323932463434313537353333463143383035314438373545414231444633463034434532304238423541463537443532334131334434394632374238323232363744434246334142344439363946383036314537413739304536464330343043313743384231303735343142353846303639444441433442364638383335463337453833443730374645434638463130324244444233, N'admin')
GO
INSERT [dbo].[Users] ([Id], [FirstName], [LastName], [PasswordHash], [PasswordSalt], [Username]) VALUES (2, N'razan', N'razan', 0xD2DC6114550E6D2AA060F610D1CBC4CAC4529B298EFF0FEA6D8E33A5F5D9F71E4D0D3FC76990DF39312FBDA1C632C074AA398381B29E31925AD712B92C10CFF1, 0xFD85022BA99E8FACC2B3A60CB530C47779DD15494F7907C9A28EE806C5B5AB4D3BEAF6392120E43C3BAD26E3C3685875071B7043E3A2468E89A4F634116AF2E89F7896DAF35CD78F0F297AD27D3AF92A41A37D1CDED753001DEB8211EB622AFA39B57B9F460671AF96C81A800DF9256B766BEF3BD27A065651026BA14D6C56E6, N'razan')
GO
INSERT [dbo].[Users] ([Id], [FirstName], [LastName], [PasswordHash], [PasswordSalt], [Username]) VALUES (3, N'adib', N'adib', 0x0092C910A66D98B2B6E52105C4D1D1B47A4E31D252C0F0107054F276DE71EBB0C6872D606437276BDF00D530C94D18B4362F1735D1014F8871147F79D37574EA, 0xC30FF9263AF162841C11253197AC2C35411BA15988BB40EEC0421E2BDC92BE839C2078649AF52DBD4EDB907FBC67CE480EBB1AEED928CBA5B7905A08F8EFB4705A5E6F7E6B15B5087665F097597C43E038CC997AF9671531DC6BCFA6A66E0F0C3DE210E9E352CF2D659C6C0638BAAF94EEF35550743DCFF2ECFE7E1E6306C44F, N'adib')
GO
SET IDENTITY_INSERT [dbo].[Users] OFF
GO
SET IDENTITY_INSERT [dbo].[UserTest] ON 

GO
INSERT [dbo].[UserTest] ([Id], [UserId], [SessionId], [Score], [CreatedDate]) VALUES (1, 3, 1, CAST(100 AS Decimal(18, 0)), CAST(N'2018-03-13 19:05:33.763' AS DateTime))
GO
INSERT [dbo].[UserTest] ([Id], [UserId], [SessionId], [Score], [CreatedDate]) VALUES (2, 2, 1, CAST(75 AS Decimal(18, 0)), CAST(N'2018-03-13 21:31:31.730' AS DateTime))
GO
INSERT [dbo].[UserTest] ([Id], [UserId], [SessionId], [Score], [CreatedDate]) VALUES (3, 3, 2, CAST(50 AS Decimal(18, 0)), CAST(N'2018-03-16 23:19:44.533' AS DateTime))
GO
INSERT [dbo].[UserTest] ([Id], [UserId], [SessionId], [Score], [CreatedDate]) VALUES (4, 3, 2, CAST(50 AS Decimal(18, 0)), CAST(N'2018-03-16 23:24:43.780' AS DateTime))
GO
INSERT [dbo].[UserTest] ([Id], [UserId], [SessionId], [Score], [CreatedDate]) VALUES (5, 3, 2, CAST(25 AS Decimal(18, 0)), CAST(N'2018-03-16 23:25:41.200' AS DateTime))
GO
INSERT [dbo].[UserTest] ([Id], [UserId], [SessionId], [Score], [CreatedDate]) VALUES (6, 3, 3, CAST(67 AS Decimal(18, 0)), CAST(N'2018-03-16 23:35:04.323' AS DateTime))
GO
INSERT [dbo].[UserTest] ([Id], [UserId], [SessionId], [Score], [CreatedDate]) VALUES (7, 2, 2, CAST(100 AS Decimal(18, 0)), CAST(N'2018-03-17 07:52:42.387' AS DateTime))
GO
INSERT [dbo].[UserTest] ([Id], [UserId], [SessionId], [Score], [CreatedDate]) VALUES (8, 2, 1, CAST(100 AS Decimal(18, 0)), CAST(N'2018-03-17 08:19:50.260' AS DateTime))
GO
INSERT [dbo].[UserTest] ([Id], [UserId], [SessionId], [Score], [CreatedDate]) VALUES (9, 2, 2, CAST(50 AS Decimal(18, 0)), CAST(N'2018-03-17 08:24:41.000' AS DateTime))
GO
INSERT [dbo].[UserTest] ([Id], [UserId], [SessionId], [Score], [CreatedDate]) VALUES (10, 2, 1, CAST(75 AS Decimal(18, 0)), CAST(N'2018-03-17 08:45:01.500' AS DateTime))
GO
INSERT [dbo].[UserTest] ([Id], [UserId], [SessionId], [Score], [CreatedDate]) VALUES (11, 2, 2, CAST(75 AS Decimal(18, 0)), CAST(N'2018-03-17 08:58:30.043' AS DateTime))
GO
INSERT [dbo].[UserTest] ([Id], [UserId], [SessionId], [Score], [CreatedDate]) VALUES (12, 2, 3, CAST(33 AS Decimal(18, 0)), CAST(N'2018-03-17 08:59:03.523' AS DateTime))
GO
INSERT [dbo].[UserTest] ([Id], [UserId], [SessionId], [Score], [CreatedDate]) VALUES (13, 2, 4, CAST(75 AS Decimal(18, 0)), CAST(N'2018-03-17 08:59:34.893' AS DateTime))
GO
INSERT [dbo].[UserTest] ([Id], [UserId], [SessionId], [Score], [CreatedDate]) VALUES (14, 2, 5, CAST(25 AS Decimal(18, 0)), CAST(N'2018-03-17 09:00:46.937' AS DateTime))
GO
INSERT [dbo].[UserTest] ([Id], [UserId], [SessionId], [Score], [CreatedDate]) VALUES (15, 2, 6, CAST(25 AS Decimal(18, 0)), CAST(N'2018-03-17 09:02:25.273' AS DateTime))
GO
INSERT [dbo].[UserTest] ([Id], [UserId], [SessionId], [Score], [CreatedDate]) VALUES (16, 2, 8, CAST(40 AS Decimal(18, 0)), CAST(N'2018-03-17 09:04:55.487' AS DateTime))
GO
INSERT [dbo].[UserTest] ([Id], [UserId], [SessionId], [Score], [CreatedDate]) VALUES (17, 2, 9, CAST(100 AS Decimal(18, 0)), CAST(N'2018-03-17 09:06:55.773' AS DateTime))
GO
INSERT [dbo].[UserTest] ([Id], [UserId], [SessionId], [Score], [CreatedDate]) VALUES (18, 2, 10, CAST(40 AS Decimal(18, 0)), CAST(N'2018-03-17 09:10:09.113' AS DateTime))
GO
INSERT [dbo].[UserTest] ([Id], [UserId], [SessionId], [Score], [CreatedDate]) VALUES (19, 2, 1, CAST(100 AS Decimal(18, 0)), CAST(N'2018-03-17 09:41:03.977' AS DateTime))
GO
INSERT [dbo].[UserTest] ([Id], [UserId], [SessionId], [Score], [CreatedDate]) VALUES (20, 2, 9, CAST(100 AS Decimal(18, 0)), CAST(N'2018-03-17 09:45:28.070' AS DateTime))
GO
INSERT [dbo].[UserTest] ([Id], [UserId], [SessionId], [Score], [CreatedDate]) VALUES (21, 2, 1, CAST(100 AS Decimal(18, 0)), CAST(N'2018-03-17 12:13:45.893' AS DateTime))
GO
INSERT [dbo].[UserTest] ([Id], [UserId], [SessionId], [Score], [CreatedDate]) VALUES (22, 2, 6, CAST(75 AS Decimal(18, 0)), CAST(N'2018-03-17 12:19:12.503' AS DateTime))
GO
INSERT [dbo].[UserTest] ([Id], [UserId], [SessionId], [Score], [CreatedDate]) VALUES (23, 2, 6, CAST(25 AS Decimal(18, 0)), CAST(N'2018-03-18 16:29:10.887' AS DateTime))
GO
INSERT [dbo].[UserTest] ([Id], [UserId], [SessionId], [Score], [CreatedDate]) VALUES (24, 2, 8, CAST(100 AS Decimal(18, 0)), CAST(N'2018-03-19 08:26:44.733' AS DateTime))
GO
INSERT [dbo].[UserTest] ([Id], [UserId], [SessionId], [Score], [CreatedDate]) VALUES (25, 2, 2, CAST(100 AS Decimal(18, 0)), CAST(N'2018-03-19 08:29:04.713' AS DateTime))
GO
INSERT [dbo].[UserTest] ([Id], [UserId], [SessionId], [Score], [CreatedDate]) VALUES (26, 2, 1, CAST(100 AS Decimal(18, 0)), CAST(N'2018-03-19 08:32:40.193' AS DateTime))
GO
INSERT [dbo].[UserTest] ([Id], [UserId], [SessionId], [Score], [CreatedDate]) VALUES (27, 2, 4, CAST(100 AS Decimal(18, 0)), CAST(N'2018-03-19 08:34:02.977' AS DateTime))
GO
INSERT [dbo].[UserTest] ([Id], [UserId], [SessionId], [Score], [CreatedDate]) VALUES (28, 2, 3, CAST(100 AS Decimal(18, 0)), CAST(N'2018-03-19 08:34:59.233' AS DateTime))
GO
INSERT [dbo].[UserTest] ([Id], [UserId], [SessionId], [Score], [CreatedDate]) VALUES (29, 2, 9, CAST(100 AS Decimal(18, 0)), CAST(N'2018-03-19 08:36:16.407' AS DateTime))
GO
INSERT [dbo].[UserTest] ([Id], [UserId], [SessionId], [Score], [CreatedDate]) VALUES (30, 2, 8, CAST(100 AS Decimal(18, 0)), CAST(N'2018-03-19 08:38:00.107' AS DateTime))
GO
INSERT [dbo].[UserTest] ([Id], [UserId], [SessionId], [Score], [CreatedDate]) VALUES (31, 2, 1, CAST(75 AS Decimal(18, 0)), CAST(N'2018-03-19 09:24:05.747' AS DateTime))
GO
SET IDENTITY_INSERT [dbo].[UserTest] OFF
GO
SET IDENTITY_INSERT [dbo].[UserTestSounds] ON 

GO
INSERT [dbo].[UserTestSounds] ([Id], [UserTestId], [SoundId], [SelectedImageId], [IsCorrect]) VALUES (1, 1, 2, 2, 1)
GO
INSERT [dbo].[UserTestSounds] ([Id], [UserTestId], [SoundId], [SelectedImageId], [IsCorrect]) VALUES (2, 1, 3, 3, 1)
GO
INSERT [dbo].[UserTestSounds] ([Id], [UserTestId], [SoundId], [SelectedImageId], [IsCorrect]) VALUES (3, 1, 4, 4, 1)
GO
INSERT [dbo].[UserTestSounds] ([Id], [UserTestId], [SoundId], [SelectedImageId], [IsCorrect]) VALUES (4, 1, 1, 1, 1)
GO
INSERT [dbo].[UserTestSounds] ([Id], [UserTestId], [SoundId], [SelectedImageId], [IsCorrect]) VALUES (5, 2, 4, 4, 1)
GO
INSERT [dbo].[UserTestSounds] ([Id], [UserTestId], [SoundId], [SelectedImageId], [IsCorrect]) VALUES (6, 2, 3, 3, 1)
GO
INSERT [dbo].[UserTestSounds] ([Id], [UserTestId], [SoundId], [SelectedImageId], [IsCorrect]) VALUES (7, 2, 2, 3, 0)
GO
INSERT [dbo].[UserTestSounds] ([Id], [UserTestId], [SoundId], [SelectedImageId], [IsCorrect]) VALUES (8, 2, 1, 1, 1)
GO
INSERT [dbo].[UserTestSounds] ([Id], [UserTestId], [SoundId], [SelectedImageId], [IsCorrect]) VALUES (9, 3, 6, 6, 1)
GO
INSERT [dbo].[UserTestSounds] ([Id], [UserTestId], [SoundId], [SelectedImageId], [IsCorrect]) VALUES (10, 3, 5, 5, 1)
GO
INSERT [dbo].[UserTestSounds] ([Id], [UserTestId], [SoundId], [SelectedImageId], [IsCorrect]) VALUES (11, 3, 7, 6, 0)
GO
INSERT [dbo].[UserTestSounds] ([Id], [UserTestId], [SoundId], [SelectedImageId], [IsCorrect]) VALUES (12, 3, 8, 5, 0)
GO
INSERT [dbo].[UserTestSounds] ([Id], [UserTestId], [SoundId], [SelectedImageId], [IsCorrect]) VALUES (13, 4, 8, 5, 0)
GO
INSERT [dbo].[UserTestSounds] ([Id], [UserTestId], [SoundId], [SelectedImageId], [IsCorrect]) VALUES (14, 4, 5, 5, 1)
GO
INSERT [dbo].[UserTestSounds] ([Id], [UserTestId], [SoundId], [SelectedImageId], [IsCorrect]) VALUES (15, 4, 6, 6, 1)
GO
INSERT [dbo].[UserTestSounds] ([Id], [UserTestId], [SoundId], [SelectedImageId], [IsCorrect]) VALUES (16, 4, 7, 6, 0)
GO
INSERT [dbo].[UserTestSounds] ([Id], [UserTestId], [SoundId], [SelectedImageId], [IsCorrect]) VALUES (17, 5, 8, 5, 0)
GO
INSERT [dbo].[UserTestSounds] ([Id], [UserTestId], [SoundId], [SelectedImageId], [IsCorrect]) VALUES (18, 5, 7, 5, 0)
GO
INSERT [dbo].[UserTestSounds] ([Id], [UserTestId], [SoundId], [SelectedImageId], [IsCorrect]) VALUES (19, 5, 6, 6, 1)
GO
INSERT [dbo].[UserTestSounds] ([Id], [UserTestId], [SoundId], [SelectedImageId], [IsCorrect]) VALUES (20, 5, 5, 7, 0)
GO
INSERT [dbo].[UserTestSounds] ([Id], [UserTestId], [SoundId], [SelectedImageId], [IsCorrect]) VALUES (21, 6, 9, 10, 0)
GO
INSERT [dbo].[UserTestSounds] ([Id], [UserTestId], [SoundId], [SelectedImageId], [IsCorrect]) VALUES (22, 6, 11, 11, 1)
GO
INSERT [dbo].[UserTestSounds] ([Id], [UserTestId], [SoundId], [SelectedImageId], [IsCorrect]) VALUES (23, 6, 10, 10, 1)
GO
INSERT [dbo].[UserTestSounds] ([Id], [UserTestId], [SoundId], [SelectedImageId], [IsCorrect]) VALUES (24, 7, 6, 6, 1)
GO
INSERT [dbo].[UserTestSounds] ([Id], [UserTestId], [SoundId], [SelectedImageId], [IsCorrect]) VALUES (25, 7, 5, 5, 1)
GO
INSERT [dbo].[UserTestSounds] ([Id], [UserTestId], [SoundId], [SelectedImageId], [IsCorrect]) VALUES (26, 7, 7, 7, 1)
GO
INSERT [dbo].[UserTestSounds] ([Id], [UserTestId], [SoundId], [SelectedImageId], [IsCorrect]) VALUES (27, 7, 8, 8, 1)
GO
INSERT [dbo].[UserTestSounds] ([Id], [UserTestId], [SoundId], [SelectedImageId], [IsCorrect]) VALUES (28, 8, 2, 2, 1)
GO
INSERT [dbo].[UserTestSounds] ([Id], [UserTestId], [SoundId], [SelectedImageId], [IsCorrect]) VALUES (29, 8, 1, 1, 1)
GO
INSERT [dbo].[UserTestSounds] ([Id], [UserTestId], [SoundId], [SelectedImageId], [IsCorrect]) VALUES (30, 8, 3, 3, 1)
GO
INSERT [dbo].[UserTestSounds] ([Id], [UserTestId], [SoundId], [SelectedImageId], [IsCorrect]) VALUES (31, 8, 4, 4, 1)
GO
INSERT [dbo].[UserTestSounds] ([Id], [UserTestId], [SoundId], [SelectedImageId], [IsCorrect]) VALUES (32, 9, 6, 5, 0)
GO
INSERT [dbo].[UserTestSounds] ([Id], [UserTestId], [SoundId], [SelectedImageId], [IsCorrect]) VALUES (33, 9, 5, 7, 0)
GO
INSERT [dbo].[UserTestSounds] ([Id], [UserTestId], [SoundId], [SelectedImageId], [IsCorrect]) VALUES (34, 9, 8, 8, 1)
GO
INSERT [dbo].[UserTestSounds] ([Id], [UserTestId], [SoundId], [SelectedImageId], [IsCorrect]) VALUES (35, 9, 7, 7, 1)
GO
INSERT [dbo].[UserTestSounds] ([Id], [UserTestId], [SoundId], [SelectedImageId], [IsCorrect]) VALUES (36, 10, 1, 1, 1)
GO
INSERT [dbo].[UserTestSounds] ([Id], [UserTestId], [SoundId], [SelectedImageId], [IsCorrect]) VALUES (37, 10, 3, 3, 1)
GO
INSERT [dbo].[UserTestSounds] ([Id], [UserTestId], [SoundId], [SelectedImageId], [IsCorrect]) VALUES (38, 10, 4, 4, 1)
GO
INSERT [dbo].[UserTestSounds] ([Id], [UserTestId], [SoundId], [SelectedImageId], [IsCorrect]) VALUES (39, 10, 2, 3, 0)
GO
INSERT [dbo].[UserTestSounds] ([Id], [UserTestId], [SoundId], [SelectedImageId], [IsCorrect]) VALUES (40, 11, 5, 5, 1)
GO
INSERT [dbo].[UserTestSounds] ([Id], [UserTestId], [SoundId], [SelectedImageId], [IsCorrect]) VALUES (41, 11, 7, 5, 0)
GO
INSERT [dbo].[UserTestSounds] ([Id], [UserTestId], [SoundId], [SelectedImageId], [IsCorrect]) VALUES (42, 11, 6, 6, 1)
GO
INSERT [dbo].[UserTestSounds] ([Id], [UserTestId], [SoundId], [SelectedImageId], [IsCorrect]) VALUES (43, 11, 8, 8, 1)
GO
INSERT [dbo].[UserTestSounds] ([Id], [UserTestId], [SoundId], [SelectedImageId], [IsCorrect]) VALUES (44, 12, 10, 9, 0)
GO
INSERT [dbo].[UserTestSounds] ([Id], [UserTestId], [SoundId], [SelectedImageId], [IsCorrect]) VALUES (45, 12, 9, 10, 0)
GO
INSERT [dbo].[UserTestSounds] ([Id], [UserTestId], [SoundId], [SelectedImageId], [IsCorrect]) VALUES (46, 12, 11, 11, 1)
GO
INSERT [dbo].[UserTestSounds] ([Id], [UserTestId], [SoundId], [SelectedImageId], [IsCorrect]) VALUES (47, 13, 12, 12, 1)
GO
INSERT [dbo].[UserTestSounds] ([Id], [UserTestId], [SoundId], [SelectedImageId], [IsCorrect]) VALUES (48, 13, 14, 14, 1)
GO
INSERT [dbo].[UserTestSounds] ([Id], [UserTestId], [SoundId], [SelectedImageId], [IsCorrect]) VALUES (49, 13, 13, 12, 0)
GO
INSERT [dbo].[UserTestSounds] ([Id], [UserTestId], [SoundId], [SelectedImageId], [IsCorrect]) VALUES (50, 13, 15, 15, 1)
GO
INSERT [dbo].[UserTestSounds] ([Id], [UserTestId], [SoundId], [SelectedImageId], [IsCorrect]) VALUES (51, 14, 17, 18, 0)
GO
INSERT [dbo].[UserTestSounds] ([Id], [UserTestId], [SoundId], [SelectedImageId], [IsCorrect]) VALUES (52, 14, 19, 19, 1)
GO
INSERT [dbo].[UserTestSounds] ([Id], [UserTestId], [SoundId], [SelectedImageId], [IsCorrect]) VALUES (53, 14, 18, 17, 0)
GO
INSERT [dbo].[UserTestSounds] ([Id], [UserTestId], [SoundId], [SelectedImageId], [IsCorrect]) VALUES (54, 14, 16, 18, 0)
GO
INSERT [dbo].[UserTestSounds] ([Id], [UserTestId], [SoundId], [SelectedImageId], [IsCorrect]) VALUES (55, 15, 27, 26, 0)
GO
INSERT [dbo].[UserTestSounds] ([Id], [UserTestId], [SoundId], [SelectedImageId], [IsCorrect]) VALUES (56, 15, 26, 25, 0)
GO
INSERT [dbo].[UserTestSounds] ([Id], [UserTestId], [SoundId], [SelectedImageId], [IsCorrect]) VALUES (57, 15, 28, 28, 1)
GO
INSERT [dbo].[UserTestSounds] ([Id], [UserTestId], [SoundId], [SelectedImageId], [IsCorrect]) VALUES (58, 15, 25, 27, 0)
GO
INSERT [dbo].[UserTestSounds] ([Id], [UserTestId], [SoundId], [SelectedImageId], [IsCorrect]) VALUES (59, 16, 35, 35, 0)
GO
INSERT [dbo].[UserTestSounds] ([Id], [UserTestId], [SoundId], [SelectedImageId], [IsCorrect]) VALUES (60, 16, 36, 35, 1)
GO
INSERT [dbo].[UserTestSounds] ([Id], [UserTestId], [SoundId], [SelectedImageId], [IsCorrect]) VALUES (61, 16, 34, 33, 1)
GO
INSERT [dbo].[UserTestSounds] ([Id], [UserTestId], [SoundId], [SelectedImageId], [IsCorrect]) VALUES (62, 16, 37, 34, 0)
GO
INSERT [dbo].[UserTestSounds] ([Id], [UserTestId], [SoundId], [SelectedImageId], [IsCorrect]) VALUES (63, 16, 33, 33, 0)
GO
INSERT [dbo].[UserTestSounds] ([Id], [UserTestId], [SoundId], [SelectedImageId], [IsCorrect]) VALUES (64, 17, 40, 39, 1)
GO
INSERT [dbo].[UserTestSounds] ([Id], [UserTestId], [SoundId], [SelectedImageId], [IsCorrect]) VALUES (65, 17, 38, 37, 1)
GO
INSERT [dbo].[UserTestSounds] ([Id], [UserTestId], [SoundId], [SelectedImageId], [IsCorrect]) VALUES (66, 17, 42, 41, 1)
GO
INSERT [dbo].[UserTestSounds] ([Id], [UserTestId], [SoundId], [SelectedImageId], [IsCorrect]) VALUES (67, 17, 41, 40, 1)
GO
INSERT [dbo].[UserTestSounds] ([Id], [UserTestId], [SoundId], [SelectedImageId], [IsCorrect]) VALUES (68, 17, 39, 38, 1)
GO
INSERT [dbo].[UserTestSounds] ([Id], [UserTestId], [SoundId], [SelectedImageId], [IsCorrect]) VALUES (69, 18, 21, 21, 1)
GO
INSERT [dbo].[UserTestSounds] ([Id], [UserTestId], [SoundId], [SelectedImageId], [IsCorrect]) VALUES (70, 18, 22, 21, 0)
GO
INSERT [dbo].[UserTestSounds] ([Id], [UserTestId], [SoundId], [SelectedImageId], [IsCorrect]) VALUES (71, 18, 20, 21, 0)
GO
INSERT [dbo].[UserTestSounds] ([Id], [UserTestId], [SoundId], [SelectedImageId], [IsCorrect]) VALUES (72, 18, 23, 23, 1)
GO
INSERT [dbo].[UserTestSounds] ([Id], [UserTestId], [SoundId], [SelectedImageId], [IsCorrect]) VALUES (73, 18, 24, 20, 0)
GO
INSERT [dbo].[UserTestSounds] ([Id], [UserTestId], [SoundId], [SelectedImageId], [IsCorrect]) VALUES (74, 19, 2, 2, 1)
GO
INSERT [dbo].[UserTestSounds] ([Id], [UserTestId], [SoundId], [SelectedImageId], [IsCorrect]) VALUES (75, 19, 1, 1, 1)
GO
INSERT [dbo].[UserTestSounds] ([Id], [UserTestId], [SoundId], [SelectedImageId], [IsCorrect]) VALUES (76, 19, 4, 4, 1)
GO
INSERT [dbo].[UserTestSounds] ([Id], [UserTestId], [SoundId], [SelectedImageId], [IsCorrect]) VALUES (77, 19, 3, 3, 1)
GO
INSERT [dbo].[UserTestSounds] ([Id], [UserTestId], [SoundId], [SelectedImageId], [IsCorrect]) VALUES (78, 20, 40, 39, 1)
GO
INSERT [dbo].[UserTestSounds] ([Id], [UserTestId], [SoundId], [SelectedImageId], [IsCorrect]) VALUES (79, 20, 42, 41, 1)
GO
INSERT [dbo].[UserTestSounds] ([Id], [UserTestId], [SoundId], [SelectedImageId], [IsCorrect]) VALUES (80, 20, 38, 37, 1)
GO
INSERT [dbo].[UserTestSounds] ([Id], [UserTestId], [SoundId], [SelectedImageId], [IsCorrect]) VALUES (81, 20, 41, 40, 1)
GO
INSERT [dbo].[UserTestSounds] ([Id], [UserTestId], [SoundId], [SelectedImageId], [IsCorrect]) VALUES (82, 20, 39, 38, 1)
GO
INSERT [dbo].[UserTestSounds] ([Id], [UserTestId], [SoundId], [SelectedImageId], [IsCorrect]) VALUES (83, 21, 1, 1, 1)
GO
INSERT [dbo].[UserTestSounds] ([Id], [UserTestId], [SoundId], [SelectedImageId], [IsCorrect]) VALUES (84, 21, 2, 2, 1)
GO
INSERT [dbo].[UserTestSounds] ([Id], [UserTestId], [SoundId], [SelectedImageId], [IsCorrect]) VALUES (85, 21, 4, 4, 1)
GO
INSERT [dbo].[UserTestSounds] ([Id], [UserTestId], [SoundId], [SelectedImageId], [IsCorrect]) VALUES (86, 21, 3, 3, 1)
GO
INSERT [dbo].[UserTestSounds] ([Id], [UserTestId], [SoundId], [SelectedImageId], [IsCorrect]) VALUES (87, 22, 26, 26, 1)
GO
INSERT [dbo].[UserTestSounds] ([Id], [UserTestId], [SoundId], [SelectedImageId], [IsCorrect]) VALUES (88, 22, 28, 28, 1)
GO
INSERT [dbo].[UserTestSounds] ([Id], [UserTestId], [SoundId], [SelectedImageId], [IsCorrect]) VALUES (89, 22, 27, 25, 0)
GO
INSERT [dbo].[UserTestSounds] ([Id], [UserTestId], [SoundId], [SelectedImageId], [IsCorrect]) VALUES (90, 22, 25, 25, 1)
GO
INSERT [dbo].[UserTestSounds] ([Id], [UserTestId], [SoundId], [SelectedImageId], [IsCorrect]) VALUES (91, 23, 28, 26, 0)
GO
INSERT [dbo].[UserTestSounds] ([Id], [UserTestId], [SoundId], [SelectedImageId], [IsCorrect]) VALUES (92, 23, 25, 25, 1)
GO
INSERT [dbo].[UserTestSounds] ([Id], [UserTestId], [SoundId], [SelectedImageId], [IsCorrect]) VALUES (93, 23, 26, 27, 0)
GO
INSERT [dbo].[UserTestSounds] ([Id], [UserTestId], [SoundId], [SelectedImageId], [IsCorrect]) VALUES (94, 23, 27, 25, 0)
GO
INSERT [dbo].[UserTestSounds] ([Id], [UserTestId], [SoundId], [SelectedImageId], [IsCorrect]) VALUES (95, 24, 36, 35, 1)
GO
INSERT [dbo].[UserTestSounds] ([Id], [UserTestId], [SoundId], [SelectedImageId], [IsCorrect]) VALUES (96, 24, 33, 32, 1)
GO
INSERT [dbo].[UserTestSounds] ([Id], [UserTestId], [SoundId], [SelectedImageId], [IsCorrect]) VALUES (97, 24, 35, 34, 1)
GO
INSERT [dbo].[UserTestSounds] ([Id], [UserTestId], [SoundId], [SelectedImageId], [IsCorrect]) VALUES (98, 24, 34, 33, 1)
GO
INSERT [dbo].[UserTestSounds] ([Id], [UserTestId], [SoundId], [SelectedImageId], [IsCorrect]) VALUES (99, 24, 37, 36, 1)
GO
INSERT [dbo].[UserTestSounds] ([Id], [UserTestId], [SoundId], [SelectedImageId], [IsCorrect]) VALUES (100, 25, 7, 7, 1)
GO
INSERT [dbo].[UserTestSounds] ([Id], [UserTestId], [SoundId], [SelectedImageId], [IsCorrect]) VALUES (101, 25, 6, 6, 1)
GO
INSERT [dbo].[UserTestSounds] ([Id], [UserTestId], [SoundId], [SelectedImageId], [IsCorrect]) VALUES (102, 25, 8, 8, 1)
GO
INSERT [dbo].[UserTestSounds] ([Id], [UserTestId], [SoundId], [SelectedImageId], [IsCorrect]) VALUES (103, 25, 5, 5, 1)
GO
INSERT [dbo].[UserTestSounds] ([Id], [UserTestId], [SoundId], [SelectedImageId], [IsCorrect]) VALUES (104, 26, 2, 2, 1)
GO
INSERT [dbo].[UserTestSounds] ([Id], [UserTestId], [SoundId], [SelectedImageId], [IsCorrect]) VALUES (105, 26, 3, 3, 1)
GO
INSERT [dbo].[UserTestSounds] ([Id], [UserTestId], [SoundId], [SelectedImageId], [IsCorrect]) VALUES (106, 26, 4, 4, 1)
GO
INSERT [dbo].[UserTestSounds] ([Id], [UserTestId], [SoundId], [SelectedImageId], [IsCorrect]) VALUES (107, 26, 1, 1, 1)
GO
INSERT [dbo].[UserTestSounds] ([Id], [UserTestId], [SoundId], [SelectedImageId], [IsCorrect]) VALUES (108, 27, 13, 13, 1)
GO
INSERT [dbo].[UserTestSounds] ([Id], [UserTestId], [SoundId], [SelectedImageId], [IsCorrect]) VALUES (109, 27, 15, 15, 1)
GO
INSERT [dbo].[UserTestSounds] ([Id], [UserTestId], [SoundId], [SelectedImageId], [IsCorrect]) VALUES (110, 27, 12, 12, 1)
GO
INSERT [dbo].[UserTestSounds] ([Id], [UserTestId], [SoundId], [SelectedImageId], [IsCorrect]) VALUES (111, 27, 14, 14, 1)
GO
INSERT [dbo].[UserTestSounds] ([Id], [UserTestId], [SoundId], [SelectedImageId], [IsCorrect]) VALUES (112, 28, 9, 9, 1)
GO
INSERT [dbo].[UserTestSounds] ([Id], [UserTestId], [SoundId], [SelectedImageId], [IsCorrect]) VALUES (113, 28, 10, 10, 1)
GO
INSERT [dbo].[UserTestSounds] ([Id], [UserTestId], [SoundId], [SelectedImageId], [IsCorrect]) VALUES (114, 28, 11, 11, 1)
GO
INSERT [dbo].[UserTestSounds] ([Id], [UserTestId], [SoundId], [SelectedImageId], [IsCorrect]) VALUES (115, 29, 41, 40, 1)
GO
INSERT [dbo].[UserTestSounds] ([Id], [UserTestId], [SoundId], [SelectedImageId], [IsCorrect]) VALUES (116, 29, 38, 37, 1)
GO
INSERT [dbo].[UserTestSounds] ([Id], [UserTestId], [SoundId], [SelectedImageId], [IsCorrect]) VALUES (117, 29, 40, 39, 1)
GO
INSERT [dbo].[UserTestSounds] ([Id], [UserTestId], [SoundId], [SelectedImageId], [IsCorrect]) VALUES (118, 29, 42, 41, 1)
GO
INSERT [dbo].[UserTestSounds] ([Id], [UserTestId], [SoundId], [SelectedImageId], [IsCorrect]) VALUES (119, 29, 39, 38, 1)
GO
INSERT [dbo].[UserTestSounds] ([Id], [UserTestId], [SoundId], [SelectedImageId], [IsCorrect]) VALUES (120, 30, 36, 35, 1)
GO
INSERT [dbo].[UserTestSounds] ([Id], [UserTestId], [SoundId], [SelectedImageId], [IsCorrect]) VALUES (121, 30, 33, 32, 1)
GO
INSERT [dbo].[UserTestSounds] ([Id], [UserTestId], [SoundId], [SelectedImageId], [IsCorrect]) VALUES (122, 30, 37, 36, 1)
GO
INSERT [dbo].[UserTestSounds] ([Id], [UserTestId], [SoundId], [SelectedImageId], [IsCorrect]) VALUES (123, 30, 34, 33, 1)
GO
INSERT [dbo].[UserTestSounds] ([Id], [UserTestId], [SoundId], [SelectedImageId], [IsCorrect]) VALUES (124, 30, 35, 34, 1)
GO
INSERT [dbo].[UserTestSounds] ([Id], [UserTestId], [SoundId], [SelectedImageId], [IsCorrect]) VALUES (125, 31, 1, 1, 1)
GO
INSERT [dbo].[UserTestSounds] ([Id], [UserTestId], [SoundId], [SelectedImageId], [IsCorrect]) VALUES (126, 31, 2, 3, 0)
GO
INSERT [dbo].[UserTestSounds] ([Id], [UserTestId], [SoundId], [SelectedImageId], [IsCorrect]) VALUES (127, 31, 4, 4, 1)
GO
INSERT [dbo].[UserTestSounds] ([Id], [UserTestId], [SoundId], [SelectedImageId], [IsCorrect]) VALUES (128, 31, 3, 3, 1)
GO
SET IDENTITY_INSERT [dbo].[UserTestSounds] OFF
GO
INSERT [dbo].[UserCompletedModules] ([UserId], [ModuleId], [CreatedDate]) VALUES (3, 1, CAST(N'2018-03-13 19:03:43.547' AS DateTime))
GO
INSERT [dbo].[SessionsSounds] ([SessionId], [SoundId]) VALUES (1, 1)
GO
INSERT [dbo].[SessionsSounds] ([SessionId], [SoundId]) VALUES (1, 2)
GO
INSERT [dbo].[SessionsSounds] ([SessionId], [SoundId]) VALUES (1, 3)
GO
INSERT [dbo].[SessionsSounds] ([SessionId], [SoundId]) VALUES (1, 4)
GO
INSERT [dbo].[SessionsSounds] ([SessionId], [SoundId]) VALUES (2, 5)
GO
INSERT [dbo].[SessionsSounds] ([SessionId], [SoundId]) VALUES (2, 6)
GO
INSERT [dbo].[SessionsSounds] ([SessionId], [SoundId]) VALUES (2, 7)
GO
INSERT [dbo].[SessionsSounds] ([SessionId], [SoundId]) VALUES (2, 8)
GO
INSERT [dbo].[SessionsSounds] ([SessionId], [SoundId]) VALUES (3, 9)
GO
INSERT [dbo].[SessionsSounds] ([SessionId], [SoundId]) VALUES (3, 10)
GO
INSERT [dbo].[SessionsSounds] ([SessionId], [SoundId]) VALUES (3, 11)
GO
INSERT [dbo].[SessionsSounds] ([SessionId], [SoundId]) VALUES (4, 12)
GO
INSERT [dbo].[SessionsSounds] ([SessionId], [SoundId]) VALUES (4, 13)
GO
INSERT [dbo].[SessionsSounds] ([SessionId], [SoundId]) VALUES (4, 14)
GO
INSERT [dbo].[SessionsSounds] ([SessionId], [SoundId]) VALUES (4, 15)
GO
INSERT [dbo].[SessionsSounds] ([SessionId], [SoundId]) VALUES (5, 16)
GO
INSERT [dbo].[SessionsSounds] ([SessionId], [SoundId]) VALUES (5, 17)
GO
INSERT [dbo].[SessionsSounds] ([SessionId], [SoundId]) VALUES (5, 18)
GO
INSERT [dbo].[SessionsSounds] ([SessionId], [SoundId]) VALUES (5, 19)
GO
INSERT [dbo].[SessionsSounds] ([SessionId], [SoundId]) VALUES (10, 20)
GO
INSERT [dbo].[SessionsSounds] ([SessionId], [SoundId]) VALUES (10, 21)
GO
INSERT [dbo].[SessionsSounds] ([SessionId], [SoundId]) VALUES (10, 22)
GO
INSERT [dbo].[SessionsSounds] ([SessionId], [SoundId]) VALUES (10, 23)
GO
INSERT [dbo].[SessionsSounds] ([SessionId], [SoundId]) VALUES (10, 24)
GO
INSERT [dbo].[SessionsSounds] ([SessionId], [SoundId]) VALUES (6, 25)
GO
INSERT [dbo].[SessionsSounds] ([SessionId], [SoundId]) VALUES (6, 26)
GO
INSERT [dbo].[SessionsSounds] ([SessionId], [SoundId]) VALUES (6, 27)
GO
INSERT [dbo].[SessionsSounds] ([SessionId], [SoundId]) VALUES (6, 28)
GO
INSERT [dbo].[SessionsSounds] ([SessionId], [SoundId]) VALUES (7, 29)
GO
INSERT [dbo].[SessionsSounds] ([SessionId], [SoundId]) VALUES (7, 30)
GO
INSERT [dbo].[SessionsSounds] ([SessionId], [SoundId]) VALUES (7, 31)
GO
INSERT [dbo].[SessionsSounds] ([SessionId], [SoundId]) VALUES (7, 32)
GO
INSERT [dbo].[SessionsSounds] ([SessionId], [SoundId]) VALUES (8, 33)
GO
INSERT [dbo].[SessionsSounds] ([SessionId], [SoundId]) VALUES (8, 34)
GO
INSERT [dbo].[SessionsSounds] ([SessionId], [SoundId]) VALUES (8, 35)
GO
INSERT [dbo].[SessionsSounds] ([SessionId], [SoundId]) VALUES (8, 36)
GO
INSERT [dbo].[SessionsSounds] ([SessionId], [SoundId]) VALUES (8, 37)
GO
INSERT [dbo].[SessionsSounds] ([SessionId], [SoundId]) VALUES (9, 38)
GO
INSERT [dbo].[SessionsSounds] ([SessionId], [SoundId]) VALUES (9, 39)
GO
INSERT [dbo].[SessionsSounds] ([SessionId], [SoundId]) VALUES (9, 40)
GO
INSERT [dbo].[SessionsSounds] ([SessionId], [SoundId]) VALUES (9, 41)
GO
INSERT [dbo].[SessionsSounds] ([SessionId], [SoundId]) VALUES (9, 42)
GO
INSERT [dbo].[UserCompletedSessions] ([UserId], [SessionId], [UserTestId], [CreatedDate]) VALUES (3, 1, 1, CAST(N'2018-03-13 19:05:34.593' AS DateTime))
GO
INSERT [dbo].[UserCompletedSessions] ([UserId], [SessionId], [UserTestId], [CreatedDate]) VALUES (2, 1, 2, CAST(N'2018-03-13 21:31:33.710' AS DateTime))
GO
INSERT [dbo].[UserCompletedSessions] ([UserId], [SessionId], [UserTestId], [CreatedDate]) VALUES (3, 3, 6, CAST(N'2018-03-16 23:35:04.540' AS DateTime))
GO
INSERT [dbo].[UserCompletedSessions] ([UserId], [SessionId], [UserTestId], [CreatedDate]) VALUES (2, 2, 7, CAST(N'2018-03-17 07:52:42.493' AS DateTime))
GO
INSERT [dbo].[UserCompletedSessions] ([UserId], [SessionId], [UserTestId], [CreatedDate]) VALUES (2, 1, 8, CAST(N'2018-03-17 08:19:50.323' AS DateTime))
GO
INSERT [dbo].[UserCompletedSessions] ([UserId], [SessionId], [UserTestId], [CreatedDate]) VALUES (2, 8, 24, CAST(N'2018-03-19 08:26:44.863' AS DateTime))
GO
INSERT [dbo].[UserCompletedSessions] ([UserId], [SessionId], [UserTestId], [CreatedDate]) VALUES (2, 2, 25, CAST(N'2018-03-19 08:29:04.800' AS DateTime))
GO
INSERT [dbo].[UserCompletedSessions] ([UserId], [SessionId], [UserTestId], [CreatedDate]) VALUES (2, 8, 30, CAST(N'2018-03-19 08:38:00.173' AS DateTime))
GO
INSERT [dbo].[UserCompletedSessions] ([UserId], [SessionId], [UserTestId], [CreatedDate]) VALUES (2, 1, 31, CAST(N'2018-03-19 09:24:05.797' AS DateTime))
GO
INSERT [dbo].[UserCompletedSessions] ([UserId], [SessionId], [UserTestId], [CreatedDate]) VALUES (2, 1, 10, CAST(N'2018-03-17 08:45:01.593' AS DateTime))
GO
INSERT [dbo].[UserCompletedSessions] ([UserId], [SessionId], [UserTestId], [CreatedDate]) VALUES (2, 2, 11, CAST(N'2018-03-17 08:58:30.093' AS DateTime))
GO
INSERT [dbo].[UserCompletedSessions] ([UserId], [SessionId], [UserTestId], [CreatedDate]) VALUES (2, 4, 13, CAST(N'2018-03-17 08:59:34.963' AS DateTime))
GO
INSERT [dbo].[UserCompletedSessions] ([UserId], [SessionId], [UserTestId], [CreatedDate]) VALUES (2, 9, 17, CAST(N'2018-03-17 09:06:55.850' AS DateTime))
GO
INSERT [dbo].[UserCompletedSessions] ([UserId], [SessionId], [UserTestId], [CreatedDate]) VALUES (2, 1, 19, CAST(N'2018-03-17 09:41:04.020' AS DateTime))
GO
INSERT [dbo].[UserCompletedSessions] ([UserId], [SessionId], [UserTestId], [CreatedDate]) VALUES (2, 9, 20, CAST(N'2018-03-17 09:45:28.110' AS DateTime))
GO
INSERT [dbo].[UserCompletedSessions] ([UserId], [SessionId], [UserTestId], [CreatedDate]) VALUES (2, 1, 21, CAST(N'2018-03-17 12:13:45.963' AS DateTime))
GO
INSERT [dbo].[UserCompletedSessions] ([UserId], [SessionId], [UserTestId], [CreatedDate]) VALUES (2, 6, 22, CAST(N'2018-03-17 12:19:12.540' AS DateTime))
GO
INSERT [dbo].[UserCompletedSessions] ([UserId], [SessionId], [UserTestId], [CreatedDate]) VALUES (2, 1, 26, CAST(N'2018-03-19 08:32:40.263' AS DateTime))
GO
INSERT [dbo].[UserCompletedSessions] ([UserId], [SessionId], [UserTestId], [CreatedDate]) VALUES (2, 4, 27, CAST(N'2018-03-19 08:34:03.027' AS DateTime))
GO
INSERT [dbo].[UserCompletedSessions] ([UserId], [SessionId], [UserTestId], [CreatedDate]) VALUES (2, 3, 28, CAST(N'2018-03-19 08:34:59.270' AS DateTime))
GO
INSERT [dbo].[UserCompletedSessions] ([UserId], [SessionId], [UserTestId], [CreatedDate]) VALUES (2, 9, 29, CAST(N'2018-03-19 08:36:16.443' AS DateTime))
GO
